value,label
CERT.CYBR,CERT.CYBR
AASCYBERSECUR,AASCYBERSECUR
Network Technology,Network Technology
"AAS, Cybersecurity","AAS, Cybersecurity"
CYBC,CYBC
193 - Network Security Administration CP,193 - Network Security Administration CP
295 - Computer Forensics CP,295 - Computer Forensics CP
303 - Computer Forensics - AA Degree,303 - Computer Forensics - AA Degree
Network & Wireless Technol - IT Professional+ (CT),Network & Wireless Technol - IT Professional+ (CT)
Network & Wireless Technology - IT Professional+ (CT),Network & Wireless Technology - IT Professional+ (CT)
Computer Information Security,Computer Information Security
