BCCC,A+ Certification,Certificate (less than one year)," $17,451.50 "
BCCC,A+ certification ,Certificate (less than one year)," $36,344.33 "
BCCC,Network+ certification,Certificate (less than one year)," $29,168.00 "
CCBC,Network Technology,Certificate (more than one year)," $31,294.40 "
CCC,Continuing Education Certificate for Computer Support Technician,Certificate (less than one year)," $104,991.60 "
CCC,Continuing Education Certificate in A+ Certification (Small Certificate),Certificate (less than one year)," $25,688.40 "
CCC,Continuing Education Certificate in Computer Support Technician,Certificate (less than one year)," $43,332.95 "
CCC,Continuing Education Certificate in IT Fundamentals with Academic Skills Enhancement,Certificate (less than one year)," $26,786.95 "
CCC,Continuing Education Certificate in Installing Windows Server 2012,Certificate (less than one year)," $104,991.60 "
CCC,Continuing Education Certificate in Microsoft Windows Server 2012,Certificate (less than one year)," $38,756.00 "
CCC,CERT.CYBR,Certificate (more than one year)," $15,606.67 "
CSM,AASCYBERSECUR,Certificate (more than one year)," $18,662.40 "
FCC,IT:SECASS,Certificate (less than one year)," $27,896.95 "
FCC,"AAS, Cybersecurity",Certificate (more than one year)," $28,710.17 "
GC,Cybersecurity Certificate,Certificate (less than one year)," $27,621.14 "
HagCC,"Advanced Network Security, Certificate",Certificate (less than one year)," $26,408.00 "
HagCC,Network Security:CER,Certificate (less than one year)," $15,640.80 "
HarCC,CYBC,Certificate (more than one year)," $30,544.00 "
HowCC,193 - Network Security Administration CP,Certificate (more than one year)," $64,597.00 "
HowCC,295 - Computer Forensics CP,Certificate (more than one year)," $55,492.80 "
HowCC,303 - Computer Forensics - AA Degree,Certificate (more than one year)," $45,608.57 "
MC,Cyber Advantage,Certificate (less than one year)," $30,631.67 "
MC,Network & Wireless Technol - IT Professional+ (CT),Certificate (more than one year)," $45,406.00 "
MC,Network & Wireless Technology - IT Professional+ (CT),Certificate (more than one year)," $13,619.20 "
PGCC,A+ Enhanced Certification Program,Certificate (less than one year)," $18,554.67 "
PGCC,INTRODUCTION TO SECURITY CLEARANCE AND BACKGROUND CHECKS,Certificate (less than one year)," $19,018.67 "
PGCC,Introduction to Security Clearances and Background Checks,Certificate (less than one year)," $26,460.00 "
WWCC,PC Technician Basics,Certificate (less than one year)," $40,038.00 "
WWCC,Computer Information Security,Certificate (more than one year)," $25,610.67 "
